<?xml version="1.0" standalone="yes"?>
<NotaFiscal>
  <xs:schema id="NotaFiscal" xmlns="" xmlns:xs="http://www.w3.org/2001/XMLSchema" xmlns:msdata="urn:schemas-microsoft-com:xml-msdata">
    <xs:element name="NotaFiscal" msdata:IsDataSet="true" msdata:UseCurrentLocale="true">
      <xs:complexType>
        <xs:choice minOccurs="0" maxOccurs="unbounded">
          <xs:element name="NF">
            <xs:complexType>
              <xs:sequence>
                <xs:element name="NumNF" type="xs:int" minOccurs="0" />
                <xs:element name="CFOP" type="xs:int" minOccurs="0" />
                <xs:element name="TotalNF" type="xs:decimal" minOccurs="0" />
                <xs:element name="DtEmissao" type="xs:dateTime" minOccurs="0" />
                <xs:element name="ValorICMS" type="xs:decimal" minOccurs="0" />
                <xs:element name="AliqICMS" type="xs:decimal" minOccurs="0" />
                <xs:element name="Desconto" type="xs:decimal" minOccurs="0" />
              </xs:sequence>
            </xs:complexType>
          </xs:element>
          <xs:element name="NF_Itens">
            <xs:complexType>
              <xs:sequence>
                <xs:element name="CodProd" type="xs:string" minOccurs="0" />
                <xs:element name="NomeProd" type="xs:string" minOccurs="0" />
                <xs:element name="QtdVendida" type="xs:int" minOccurs="0" />
                <xs:element name="VlrUnitario" type="xs:decimal" minOccurs="0" />
                <xs:element name="Brinde" type="xs:boolean" minOccurs="0" />
                <xs:element name="IPI" type="xs:decimal" minOccurs="0" />
                <xs:element name="VlrIPI" type="xs:decimal" minOccurs="0" />
                <xs:element name="PIS" type="xs:decimal" minOccurs="0" />
                <xs:element name="COFINS" type="xs:decimal" minOccurs="0" />
                <xs:element name="SubTotal" type="xs:decimal" minOccurs="0" />
              </xs:sequence>
            </xs:complexType>
          </xs:element>
        </xs:choice>
      </xs:complexType>
    </xs:element>
  </xs:schema>
  <NF>
    <NumNF>100</NumNF>
    <CFOP>0</CFOP>
    <TotalNF>152532</TotalNF>
    <DtEmissao>2016-12-08T00:00:00-02:00</DtEmissao>
    <ValorICMS>1532</ValorICMS>
    <AliqICMS>10</AliqICMS>
    <Desconto>10</Desconto>
  </NF>
  <NF_Itens>
    <CodProd>01-0001</CodProd>
    <NomeProd>Parafuso</NomeProd>
    <QtdVendida>10</QtdVendida>
    <VlrUnitario>10.25</VlrUnitario>
    <Brinde>true</Brinde>
    <IPI>0</IPI>
    <VlrIPI>0.00</VlrIPI>
    <PIS>12.25</PIS>
    <COFINS>13.25</COFINS>
    <SubTotal>102.50</SubTotal>
  </NF_Itens>
  <NF_Itens>
    <CodProd>01-0002</CodProd>
    <NomeProd>Parafuso 15x25</NomeProd>
    <QtdVendida>11</QtdVendida>
    <VlrUnitario>100.25</VlrUnitario>
    <Brinde>true</Brinde>
    <IPI>0</IPI>
    <VlrIPI>0.00</VlrIPI>
    <PIS>120.25</PIS>
    <COFINS>130.25</COFINS>
    <SubTotal>1102.75</SubTotal>
  </NF_Itens>
  <NF_Itens>
    <CodProd>01-0003</CodProd>
    <NomeProd>Parafuso 16x26</NomeProd>
    <QtdVendida>12</QtdVendida>
    <VlrUnitario>101.25</VlrUnitario>
    <Brinde>false</Brinde>
    <IPI>10</IPI>
    <VlrIPI>10.125</VlrIPI>
    <PIS>121.25</PIS>
    <COFINS>131.25</COFINS>
    <SubTotal>1215.00</SubTotal>
  </NF_Itens>
</NotaFiscal>